{
    "Player": {
        "m_Position.x": -18.47529411315918,
        "m_Position.y": 3.5250020027160646,
        "m_Position.z": -41.41934585571289
    }
}